video_id,thumbnail_url,analysis
gPhar6Qpkts,http://img.youtube.com/vi/gPhar6Qpkts/maxresdefault.jpg,"The YouTube thumbnail features a smiling man holding a container filled with a food item, prominently nachos with various toppings. The container has a checkered pattern around the edges, and there are some pickles visible on top of the nachos.

### Text:
1. “#1” - denotes a ranking
2. “LATE NIGHT” - emphasizes the time aspect of the food truck
3. “FOOD TRUCK” - identifies the type of food establishment
4. “303 In The Cut” - likely the name of the food truck, featured on the side of the truck

### Objects:
- **Person**: A man, smiling while showcasing the food.
- **Food**: A container of nachos with toppings.
- **Food Truck**: The truck itself has a colorful background with designs, including the name “303 In The Cut.”

### Color Scheme:
The thumbnail has a warm color scheme with bright elements. The nachos are topped with orange and white sauces, and the truck features vibrant colors like red and black, creating an engaging visual contrast.

### Summary:
Overall, the thumbnail promotes a late-night food experience from a food truck called ""303 In The Cut,"" with an inviting portrayal of delicious nachos, appealing to viewers looking for late-night snack options."
